{
  "DONALD TRUMP": {
    "count": 190.42199699999998
  },
  "PRESIDENT": {
    "count": 111.463938
  },
  "NEW YORK": {
    "count": 89.60981400000003
  },
  "HILLARY CLINTON": {
    "count": 101.546696
  },
  "TED CRUZ": {
    "count": 74.96146700000001
  },
  "AMERICA": {
    "count": 20.095634999999998
  },
  "TRUMP": {
    "count": 106.62569399999997
  },
  "REPUBLICAN NATIONAL COMMITTEE": {
    "count": 35.219881
  },
  "SENATOR": {
    "count": 16.00091
  },
  "US": {
    "count": 19.262842999999997
  },
  "WYOMING": {
    "count": 19.372344000000002
  },
  "BERNIE SANDERS": {
    "count": 72.72106399999998
  },
  "CLEVELAND": {
    "count": 6.852536
  },
  "BOSTON": {
    "count": 73.28371200000001
  },
  "YORK": {
    "count": 8.800680999999999
  },
  "WASHINGTON": {
    "count": 8.936135000000002
  },
  "BILL CLINTON": {
    "count": 5.894647
  },
  "SECRETARY OF STATE": {
    "count": 4.9568900000000005
  },
  "COLORADO": {
    "count": 11.450771999999999
  },
  "CALIFORNIA": {
    "count": 13.019717
  },
  "WELLESLEY": {
    "count": 5.909324000000001
  },
  "Reporter": {
    "count": 94.10138
  },
  "SENATOR SANDERS": {
    "count": 35.078117
  },
  "US.": {
    "count": 9.428042999999999
  },
  "SECRETARY": {
    "count": 7.739116
  },
  "PARTY": {
    "count": 16.537629000000003
  },
  "SENATE": {
    "count": 16.176438
  },
  "BROOKLYN": {
    "count": 8.985552
  },
  "CONGRESS": {
    "count": 14.522765
  },
  "FLORIDA": {
    "count": 11.795268
  }
}