{
  "AMERICA": {
    "count": 28.173423000000003
  },
  "PRESIDENT": {
    "count": 51.993292
  },
  "NEW YORK": {
    "count": 7.560935000000001
  },
  "DONALD TRUMP": {
    "count": 58.464289
  },
  "WASHINGTON": {
    "count": 4.6072239999999995
  },
  "YORK": {
    "count": 10.054839
  },
  "OBAMA": {
    "count": 6.558173
  },
  "CONGRESS": {
    "count": 5.70036
  },
  "HILLARY CLINTON": {
    "count": 15.802077999999998
  },
  "TEXAS": {
    "count": 3.235897
  },
  "SAUDI ARABIA": {
    "count": 3.9357
  },
  "DISNEY": {
    "count": 6.33451
  },
  "TED CRUZ": {
    "count": 27.495874
  },
  "RNC": {
    "count": 7.202778
  },
  "JAPAN": {
    "count": 5.830368
  },
  "Reporter": {
    "count": 19.626855
  },
  "SENATOR": {
    "count": 2.208563
  },
  "CHAIRMAN": {
    "count": 4.5082189999999995
  },
  "IRAN": {
    "count": 6.828701000000001
  },
  "BERNIE SANDERS": {
    "count": 4.0909770000000005
  },
  "SENATE": {
    "count": 17.10378
  },
  "ECUADOR": {
    "count": 5.1857489999999995
  },
  "BOSTON": {
    "count": 7.143709
  },
  "SECRETARY": {
    "count": 3.604858
  },
  "WYOMING": {
    "count": 4.734749
  },
  "GOVERNMENT": {
    "count": 11.506937
  },
  "REPUBLICAN": {
    "count": 1.297726
  },
  "JPMORGAN": {
    "count": 2.684666
  },
  "WISCONSIN": {
    "count": 1.976541
  }
}