{
  "AMERICA": {
    "count": 8.631051
  },
  "NEW YORK": {
    "count": 6.715015
  },
  "DONALD TRUMP": {
    "count": 49.803079
  },
  "PRESIDENT": {
    "count": 37.667285
  },
  "WASHINGTON": {
    "count": 4.315525999999999
  },
  "YORK": {
    "count": 9.831309
  },
  "HILLARY CLINTON": {
    "count": 15.802077999999998
  },
  "CONGRESS": {
    "count": 5.1136040000000005
  },
  "TED CRUZ": {
    "count": 20.839614
  },
  "OBAMA": {
    "count": 2.7353490000000003
  },
  "Reporter": {
    "count": 19.626855
  },
  "RNC": {
    "count": 4.256562000000001
  },
  "ECUADOR": {
    "count": 5.1857489999999995
  },
  "U.S.": {
    "count": 5.0078510000000005
  },
  "CHAIRMAN": {
    "count": 3.6096679999999997
  },
  "GOVERNMENT": {
    "count": 11.506937
  },
  "TEXAS": {
    "count": 2.75464
  },
  "SECRETARY": {
    "count": 3.604858
  },
  "BOSTON": {
    "count": 7.143709
  },
  "BERNIE SANDERS": {
    "count": 4.0909770000000005
  },
  "SENATOR": {
    "count": 1.921309
  },
  "JIMMY": {
    "count": 8.048488
  },
  "AFRICA": {
    "count": 4.281581
  },
  "SENATOR CRUZ": {
    "count": 2.379226
  },
  "ARMY": {
    "count": 1.643678
  },
  "REPUBLICAN": {
    "count": 1.03458
  },
  "SENATE": {
    "count": 5.019708
  },
  "RUSSIA": {
    "count": 4.124226999999999
  },
  "US": {
    "count": 2.545094
  },
  "WYOMING": {
    "count": 4.174981
  },
  "JAPAN": {
    "count": 5.095738
  },
  "EARTHQUAKE": {
    "count": 1.756109
  },
  "CBS": {
    "count": 1.426552
  },
  "TULSA COUNTY": {
    "count": 6.1219090000000005
  },
  "OKLAHOMA": {
    "count": 5.149802
  },
  "AFGHANISTAN": {
    "count": 1.253767
  },
  "PARTY": {
    "count": 4.719396
  },
  "EGYPT": {
    "count": 2.081914
  },
  "INDIANA": {
    "count": 0.49037300000000006
  },
  "FOOTBALL": {
    "count": 0.578296
  },
  "IRAQ": {
    "count": 1.021214
  },
  "DONALD": {
    "count": 0.5539350000000001
  },
  "CLINTON": {
    "count": 1.214856
  },
  "NEW HAMPSHIRE": {
    "count": 0.709716
  },
  "COCAINE": {
    "count": 0.731196
  },
  "CEO": {
    "count": 1.7578589999999998
  },
  "26.2 MILES": {
    "count": 0.62599
  },
  "TULSA": {
    "count": 4.339005
  },
  "Dunkin": {
    "count": 2.67098
  },
  "U.N.": {
    "count": 0.6667700000000001
  }
}