{
  "PRESIDENT": {
    "count": 146.508737
  },
  "AMERICA": {
    "count": 53.376830000000005
  },
  "NEW YORK": {
    "count": 62.83434299999999
  },
  "DONALD TRUMP": {
    "count": 192.107973
  },
  "HILLARY CLINTON": {
    "count": 88.350358
  },
  "SAUDI ARABIA": {
    "count": 18.836982000000003
  },
  "CONGRESS": {
    "count": 32.197906
  },
  "BOSTON": {
    "count": 98.177785
  },
  "US": {
    "count": 34.152606
  },
  "U.S.": {
    "count": 86.85504899999998
  },
  "CHINA": {
    "count": 41.204086
  },
  "YORK": {
    "count": 10.251588
  },
  "SENATE": {
    "count": 20.797423
  },
  "IRAN": {
    "count": 40.434523
  },
  "BERNIE SANDERS": {
    "count": 32.320817000000005
  },
  "TED CRUZ": {
    "count": 63.751132000000005
  },
  "WASHINGTON": {
    "count": 24.508472
  },
  "OBAMA": {
    "count": 9.241375999999999
  },
  "GOVERNMENT": {
    "count": 29.550133
  },
  "JAPAN": {
    "count": 26.270917000000004
  },
  "ECUADOR": {
    "count": 19.856585000000003
  },
  "BLOOMBERG": {
    "count": 20.382034
  },
  "BRAZIL": {
    "count": 48.51747400000001
  },
  "TEXAS": {
    "count": 12.117295
  },
  "EUROPE": {
    "count": 5.867573999999999
  },
  "Reporter": {
    "count": 108.021621
  },
  "RUSSIA": {
    "count": 14.541539999999998
  },
  "OIL PRICES": {
    "count": 16.027867000000004
  },
  "ESPN": {
    "count": 12.985736
  },
  "AMAZON": {
    "count": 11.608281
  },
  "OPEC": {
    "count": 13.022191999999997
  },
  "TRUMP": {
    "count": 43.609556000000005
  },
  "KUWAIT": {
    "count": 14.287022
  },
  "OFFICER": {
    "count": 11.578178
  },
  "CALIFORNIA": {
    "count": 9.521339
  },
  "DOHA": {
    "count": 28.11858
  },
  "SECRETARY OF STATE": {
    "count": 6.823246
  },
  "SECRETARY": {
    "count": 11.597353000000002
  },
  "WYOMING": {
    "count": 13.081316000000001
  },
  "BROOKLYN": {
    "count": 5.981981
  },
  "FBI": {
    "count": 5.199859
  },
  "EARTHQUAKE": {
    "count": 5.033136
  },
  "CEO": {
    "count": 5.839469
  },
  "FLORIDA": {
    "count": 7.9109620000000005
  },
  "COLORADO": {
    "count": 11.135496999999999
  },
  "CNBC": {
    "count": 4.664515
  },
  "ASIA": {
    "count": 3.699109
  },
  "MASSACHUSETTS": {
    "count": 2.882848
  },
  "EXECUTIVE": {
    "count": 6.664318
  },
  "HOPKINTON": {
    "count": 26.478948000000003
  }
}