{
  "PRESIDENT": {
    "count": 234.941364
  },
  "AMERICA": {
    "count": 65.42497599999999
  },
  "NEW YORK": {
    "count": 71.91141799999998
  },
  "DONALD TRUMP": {
    "count": 255.76033199999998
  },
  "HILLARY CLINTON": {
    "count": 102.91018400000002
  },
  "SAUDI ARABIA": {
    "count": 28.319887999999995
  },
  "BOSTON": {
    "count": 102.36162300000001
  },
  "CONGRESS": {
    "count": 39.900949999999995
  },
  "YORK": {
    "count": 12.147957000000002
  },
  "BERNIE SANDERS": {
    "count": 42.14896000000001
  },
  "SENATE": {
    "count": 51.331536
  },
  "IRAN": {
    "count": 41.850911
  },
  "TED CRUZ": {
    "count": 75.24101499999999
  },
  "OBAMA": {
    "count": 15.811125
  },
  "CHINA": {
    "count": 41.204086
  },
  "JAPAN": {
    "count": 28.512750000000004
  },
  "WASHINGTON": {
    "count": 24.759256000000004
  },
  "TEXAS": {
    "count": 20.821949
  },
  "BLOOMBERG": {
    "count": 25.537909000000003
  },
  "Reporter": {
    "count": 111.287095
  },
  "GOVERNMENT": {
    "count": 31.761709
  },
  "TRUMP": {
    "count": 56.15844500000001
  },
  "ECUADOR": {
    "count": 20.894945000000003
  },
  "OPEC": {
    "count": 15.919908
  },
  "BRAZIL": {
    "count": 50.290914
  },
  "OIL PRICES": {
    "count": 19.737430999999997
  },
  "DOHA": {
    "count": 37.121162
  },
  "EUROPE": {
    "count": 5.867573999999999
  }
}